"filename", "language", "JSON", "JSON with Comments", "JavaScript", "TypeScript", "Prisma", "MS SQL", "comment", "blank", "total"
"/home/denis/vscode_projects/project-game-atlas/packages/backend/dist/main.js", "JavaScript", 0, 0, 7484, 0, 0, 0, 273, 1023, 8780
"/home/denis/vscode_projects/project-game-atlas/packages/backend/dist/package.json", "JSON", 118, 0, 0, 0, 0, 0, 0, 0, 118
"/home/denis/vscode_projects/project-game-atlas/packages/backend/eslint.config.mjs", "JavaScript", 0, 0, 4, 0, 0, 0, 0, 2, 6
"/home/denis/vscode_projects/project-game-atlas/packages/backend/package.json", "JSON", 102, 0, 0, 0, 0, 0, 0, 0, 102
"/home/denis/vscode_projects/project-game-atlas/packages/backend/prisma/migrations/20251116223958_initial_setup/migration.sql", "MS SQL", 0, 0, 0, 0, 0, 171, 37, 53, 261
"/home/denis/vscode_projects/project-game-atlas/packages/backend/prisma/migrations/20251116230647_added_personal_library_entities/migration.sql", "MS SQL", 0, 0, 0, 0, 0, 23, 8, 10, 41
"/home/denis/vscode_projects/project-game-atlas/packages/backend/prisma/migrations/20251117182821_removed_platform_logo_model/migration.sql", "MS SQL", 0, 0, 0, 0, 0, 4, 11, 4, 19
"/home/denis/vscode_projects/project-game-atlas/packages/backend/prisma/migrations/20251117191046_removed_unique_from_platform/migration.sql", "MS SQL", 0, 0, 0, 0, 0, 1, 1, 1, 3
"/home/denis/vscode_projects/project-game-atlas/packages/backend/prisma/migrations/20251117204318_changed_in_age_rating_categories_rating_from_float_to_string/migration.sql", "MS SQL", 0, 0, 0, 0, 0, 1, 1, 1, 3
"/home/denis/vscode_projects/project-game-atlas/packages/backend/prisma/migrations/20251117205815_removed_unique_field_for_age_rating/migration.sql", "MS SQL", 0, 0, 0, 0, 0, 1, 1, 1, 3
"/home/denis/vscode_projects/project-game-atlas/packages/backend/prisma/migrations/20251118113518_removed_age_ratings_and_added_keywords/migration.sql", "MS SQL", 0, 0, 0, 0, 0, 26, 18, 12, 56
"/home/denis/vscode_projects/project-game-atlas/packages/backend/prisma/migrations/20251118114413_removed_description_field_from_keyword/migration.sql", "MS SQL", 0, 0, 0, 0, 0, 1, 7, 1, 9
"/home/denis/vscode_projects/project-game-atlas/packages/backend/prisma/migrations/20251118160500_renamed_password_field_in_user_model/migration.sql", "MS SQL", 0, 0, 0, 0, 0, 2, 8, 1, 11
"/home/denis/vscode_projects/project-game-atlas/packages/backend/prisma/migrations/20251119124334_added_note_field_optional_in_personal_lib_game_and_removed_table_personal_note/migration.sql", "MS SQL", 0, 0, 0, 0, 0, 4, 10, 4, 18
"/home/denis/vscode_projects/project-game-atlas/packages/backend/prisma/migrations/20251119161328_added_new_enums_for_analytics/migration.sql", "MS SQL", 0, 0, 0, 0, 0, 3, 3, 3, 9
"/home/denis/vscode_projects/project-game-atlas/packages/backend/prisma/migrations/20251119211924_added_otp_codes/migration.sql", "MS SQL", 0, 0, 0, 0, 0, 10, 2, 3, 15
"/home/denis/vscode_projects/project-game-atlas/packages/backend/prisma/migrations/20251120174249_/migration.sql", "MS SQL", 0, 0, 0, 0, 0, 1, 1, 1, 3
"/home/denis/vscode_projects/project-game-atlas/packages/backend/prisma/migrations/20251121102319_refactored_naming_of_enums/migration.sql", "MS SQL", 0, 0, 0, 0, 0, 12, 16, 9, 37
"/home/denis/vscode_projects/project-game-atlas/packages/backend/prisma/migrations/20251126175519_removed_username/migration.sql", "MS SQL", 0, 0, 0, 0, 0, 2, 8, 2, 12
"/home/denis/vscode_projects/project-game-atlas/packages/backend/prisma/migrations/20251127202004_/migration.sql", "MS SQL", 0, 0, 0, 0, 0, 6, 14, 6, 26
"/home/denis/vscode_projects/project-game-atlas/packages/backend/prisma/schema.prisma", "Prisma", 0, 0, 0, 0, 184, 0, 1, 67, 252
"/home/denis/vscode_projects/project-game-atlas/packages/backend/src/app/app.module.ts", "TypeScript", 0, 0, 0, 34, 0, 0, 0, 1, 35
"/home/denis/vscode_projects/project-game-atlas/packages/backend/src/app/config/env/enums/env.enum.ts", "TypeScript", 0, 0, 0, 14, 0, 0, 0, 4, 18
"/home/denis/vscode_projects/project-game-atlas/packages/backend/src/app/config/env/env.module.ts", "TypeScript", 0, 0, 0, 15, 0, 0, 0, 1, 16
"/home/denis/vscode_projects/project-game-atlas/packages/backend/src/app/config/env/services/env.service.ts", "TypeScript", 0, 0, 0, 10, 0, 0, 0, 2, 12
"/home/denis/vscode_projects/project-game-atlas/packages/backend/src/app/config/winston-logger/config/winston-logger.config.ts", "TypeScript", 0, 0, 0, 18, 0, 0, 0, 1, 19
"/home/denis/vscode_projects/project-game-atlas/packages/backend/src/app/config/winston-logger/winston-logger.module.ts", "TypeScript", 0, 0, 0, 10, 0, 0, 0, 3, 13
"/home/denis/vscode_projects/project-game-atlas/packages/backend/src/app/modules/analytics/analytics.module.ts", "TypeScript", 0, 0, 0, 26, 0, 0, 0, 2, 28
"/home/denis/vscode_projects/project-game-atlas/packages/backend/src/app/modules/analytics/controllers/analytics-read-controller/analytics-read.controller.ts", "TypeScript", 0, 0, 0, 20, 0, 0, 0, 2, 22
"/home/denis/vscode_projects/project-game-atlas/packages/backend/src/app/modules/analytics/dto/index.ts", "TypeScript", 0, 0, 0, 0, 0, 0, 0, 1, 1
"/home/denis/vscode_projects/project-game-atlas/packages/backend/src/app/modules/analytics/dto/request/game-action.dto.ts", "TypeScript", 0, 0, 0, 0, 0, 0, 0, 1, 1
"/home/denis/vscode_projects/project-game-atlas/packages/backend/src/app/modules/analytics/dto/request/index.ts", "TypeScript", 0, 0, 0, 0, 0, 0, 0, 1, 1
"/home/denis/vscode_projects/project-game-atlas/packages/backend/src/app/modules/analytics/dto/response/index.ts", "TypeScript", 0, 0, 0, 2, 0, 0, 0, 0, 2
"/home/denis/vscode_projects/project-game-atlas/packages/backend/src/app/modules/analytics/dto/response/prediction-compatibility.dto.ts", "TypeScript", 0, 0, 0, 26, 0, 0, 0, 4, 30
"/home/denis/vscode_projects/project-game-atlas/packages/backend/src/app/modules/analytics/dto/response/prediction-flags.dto.ts", "TypeScript", 0, 0, 0, 14, 0, 0, 0, 3, 17
"/home/denis/vscode_projects/project-game-atlas/packages/backend/src/app/modules/analytics/dto/response/proactive-recommendations.dto.ts", "TypeScript", 0, 0, 0, 0, 0, 0, 0, 1, 1
"/home/denis/vscode_projects/project-game-atlas/packages/backend/src/app/modules/analytics/services/heuristic-engine-service/heuristic-engine.service.ts", "TypeScript", 0, 0, 0, 84, 0, 0, 0, 16, 100
"/home/denis/vscode_projects/project-game-atlas/packages/backend/src/app/modules/analytics/services/math-core/math-core.service.ts", "TypeScript", 0, 0, 0, 59, 0, 0, 0, 13, 72
"/home/denis/vscode_projects/project-game-atlas/packages/backend/src/app/modules/analytics/services/recommendation-curator/recommendation-curator.service.ts", "TypeScript", 0, 0, 0, 77, 0, 0, 0, 17, 94
"/home/denis/vscode_projects/project-game-atlas/packages/backend/src/app/modules/auth/auth.module.ts", "TypeScript", 0, 0, 0, 57, 0, 0, 0, 1, 58
"/home/denis/vscode_projects/project-game-atlas/packages/backend/src/app/modules/auth/controllers/auth/auth-write-controller/auth-write.controller.ts", "TypeScript", 0, 0, 0, 78, 0, 0, 0, 12, 90
"/home/denis/vscode_projects/project-game-atlas/packages/backend/src/app/modules/auth/controllers/user/user-read-controller/user-read.controller.ts", "TypeScript", 0, 0, 0, 20, 0, 0, 0, 4, 24
"/home/denis/vscode_projects/project-game-atlas/packages/backend/src/app/modules/auth/controllers/user/user-write-controller/user-write.controller.ts", "TypeScript", 0, 0, 0, 28, 0, 0, 0, 5, 33
"/home/denis/vscode_projects/project-game-atlas/packages/backend/src/app/modules/auth/dto/index.ts", "TypeScript", 0, 0, 0, 2, 0, 0, 0, 2, 4
"/home/denis/vscode_projects/project-game-atlas/packages/backend/src/app/modules/auth/dto/request/auth/forgot-password.dto.ts", "TypeScript", 0, 0, 0, 9, 0, 0, 0, 1, 10
"/home/denis/vscode_projects/project-game-atlas/packages/backend/src/app/modules/auth/dto/request/auth/reset-password.dto.ts", "TypeScript", 0, 0, 0, 13, 0, 0, 0, 2, 15
"/home/denis/vscode_projects/project-game-atlas/packages/backend/src/app/modules/auth/dto/request/auth/verify-forgot-password-code.dto.ts", "TypeScript", 0, 0, 0, 9, 0, 0, 0, 1, 10
"/home/denis/vscode_projects/project-game-atlas/packages/backend/src/app/modules/auth/dto/request/index.ts", "TypeScript", 0, 0, 0, 2, 0, 0, 0, 0, 2
"/home/denis/vscode_projects/project-game-atlas/packages/backend/src/app/modules/auth/dto/request/jwt-token/jwt-token-payload.dto.ts", "TypeScript", 0, 0, 0, 13, 0, 0, 0, 2, 15
"/home/denis/vscode_projects/project-game-atlas/packages/backend/src/app/modules/auth/dto/request/otp/index.ts", "TypeScript", 0, 0, 0, 2, 0, 0, 0, 0, 2
"/home/denis/vscode_projects/project-game-atlas/packages/backend/src/app/modules/auth/dto/request/otp/otp-create.dto.ts", "TypeScript", 0, 0, 0, 19, 0, 0, 0, 5, 24
"/home/denis/vscode_projects/project-game-atlas/packages/backend/src/app/modules/auth/dto/request/otp/otp-update.dto.ts", "TypeScript", 0, 0, 0, 14, 0, 0, 0, 4, 18
"/home/denis/vscode_projects/project-game-atlas/packages/backend/src/app/modules/auth/dto/request/user/index.ts", "TypeScript", 0, 0, 0, 2, 0, 0, 0, 2, 4
"/home/denis/vscode_projects/project-game-atlas/packages/backend/src/app/modules/auth/dto/request/user/user-create.dto.ts", "TypeScript", 0, 0, 0, 21, 0, 0, 0, 2, 23
"/home/denis/vscode_projects/project-game-atlas/packages/backend/src/app/modules/auth/dto/request/user/user-update.dto.ts", "TypeScript", 0, 0, 0, 27, 0, 0, 0, 4, 31
"/home/denis/vscode_projects/project-game-atlas/packages/backend/src/app/modules/auth/dto/response/index.ts", "TypeScript", 0, 0, 0, 3, 0, 0, 0, 2, 5
"/home/denis/vscode_projects/project-game-atlas/packages/backend/src/app/modules/auth/dto/response/jwt/index.ts", "TypeScript", 0, 0, 0, 1, 0, 0, 0, 2, 3
"/home/denis/vscode_projects/project-game-atlas/packages/backend/src/app/modules/auth/dto/response/jwt/jwt-token-response.dto.ts", "TypeScript", 0, 0, 0, 9, 0, 0, 0, 2, 11
"/home/denis/vscode_projects/project-game-atlas/packages/backend/src/app/modules/auth/dto/response/otp/index.ts", "TypeScript", 0, 0, 0, 1, 0, 0, 0, 2, 3
"/home/denis/vscode_projects/project-game-atlas/packages/backend/src/app/modules/auth/dto/response/otp/otp-response.dto.ts", "TypeScript", 0, 0, 0, 23, 0, 0, 0, 7, 30
"/home/denis/vscode_projects/project-game-atlas/packages/backend/src/app/modules/auth/dto/response/user/index.ts", "TypeScript", 0, 0, 0, 1, 0, 0, 0, 2, 3
"/home/denis/vscode_projects/project-game-atlas/packages/backend/src/app/modules/auth/dto/response/user/user.dto.ts", "TypeScript", 0, 0, 0, 23, 0, 0, 0, 6, 29
"/home/denis/vscode_projects/project-game-atlas/packages/backend/src/app/modules/auth/guards/at.guard.ts", "TypeScript", 0, 0, 0, 28, 0, 0, 0, 4, 32
"/home/denis/vscode_projects/project-game-atlas/packages/backend/src/app/modules/auth/guards/local.guard.ts", "TypeScript", 0, 0, 0, 4, 0, 0, 0, 1, 5
"/home/denis/vscode_projects/project-game-atlas/packages/backend/src/app/modules/auth/providers/otp/otp.provider.ts", "TypeScript", 0, 0, 0, 15, 0, 0, 0, 3, 18
"/home/denis/vscode_projects/project-game-atlas/packages/backend/src/app/modules/auth/providers/user/index.ts", "TypeScript", 0, 0, 0, 1, 0, 0, 0, 0, 1
"/home/denis/vscode_projects/project-game-atlas/packages/backend/src/app/modules/auth/providers/user/user.provider.ts", "TypeScript", 0, 0, 0, 19, 0, 0, 0, 1, 20
"/home/denis/vscode_projects/project-game-atlas/packages/backend/src/app/modules/auth/repositories/otp/abstracts/iotp-read.repository.ts", "TypeScript", 0, 0, 0, 5, 0, 0, 0, 3, 8
"/home/denis/vscode_projects/project-game-atlas/packages/backend/src/app/modules/auth/repositories/otp/abstracts/iotp-write.repository.ts", "TypeScript", 0, 0, 0, 6, 0, 0, 0, 3, 9
"/home/denis/vscode_projects/project-game-atlas/packages/backend/src/app/modules/auth/repositories/otp/implementations/otp-read.repository.ts", "TypeScript", 0, 0, 0, 22, 0, 0, 0, 5, 27
"/home/denis/vscode_projects/project-game-atlas/packages/backend/src/app/modules/auth/repositories/otp/implementations/otp-write.repository.ts", "TypeScript", 0, 0, 0, 42, 0, 0, 0, 8, 50
"/home/denis/vscode_projects/project-game-atlas/packages/backend/src/app/modules/auth/repositories/user/abstracts/iuser-read.repository.ts", "TypeScript", 0, 0, 0, 6, 0, 0, 0, 1, 7
"/home/denis/vscode_projects/project-game-atlas/packages/backend/src/app/modules/auth/repositories/user/abstracts/iuser-write.repository.ts", "TypeScript", 0, 0, 0, 5, 0, 0, 0, 1, 6
"/home/denis/vscode_projects/project-game-atlas/packages/backend/src/app/modules/auth/repositories/user/implementations/user-read.repository.ts", "TypeScript", 0, 0, 0, 36, 0, 0, 0, 6, 42
"/home/denis/vscode_projects/project-game-atlas/packages/backend/src/app/modules/auth/repositories/user/implementations/user-write.repository.ts", "TypeScript", 0, 0, 0, 36, 0, 0, 0, 5, 41
"/home/denis/vscode_projects/project-game-atlas/packages/backend/src/app/modules/auth/services/auth/auth-read-service/auth-read.service.ts", "TypeScript", 0, 0, 0, 24, 0, 0, 0, 5, 29
"/home/denis/vscode_projects/project-game-atlas/packages/backend/src/app/modules/auth/services/auth/auth-write-service/auth-write.service.ts", "TypeScript", 0, 0, 0, 68, 0, 0, 2, 19, 89
"/home/denis/vscode_projects/project-game-atlas/packages/backend/src/app/modules/auth/services/jwt-token/jwt-token.service.ts", "TypeScript", 0, 0, 0, 35, 0, 0, 0, 6, 41
"/home/denis/vscode_projects/project-game-atlas/packages/backend/src/app/modules/auth/services/otp/otp.service.ts", "TypeScript", 0, 0, 0, 48, 0, 0, 0, 19, 67
"/home/denis/vscode_projects/project-game-atlas/packages/backend/src/app/modules/auth/services/user/user-read-service/user-read.service.ts", "TypeScript", 0, 0, 0, 26, 0, 0, 0, 8, 34
"/home/denis/vscode_projects/project-game-atlas/packages/backend/src/app/modules/auth/services/user/user-write-service/user-write.service.ts", "TypeScript", 0, 0, 0, 59, 0, 0, 0, 17, 76
"/home/denis/vscode_projects/project-game-atlas/packages/backend/src/app/modules/auth/strategies/at.strategy.ts", "TypeScript", 0, 0, 0, 22, 0, 0, 1, 2, 25
"/home/denis/vscode_projects/project-game-atlas/packages/backend/src/app/modules/auth/strategies/local.strategy.ts", "TypeScript", 0, 0, 0, 25, 0, 0, 0, 4, 29
"/home/denis/vscode_projects/project-game-atlas/packages/backend/src/app/modules/game/controllers/games/game-read-controller/game-read.controller.ts", "TypeScript", 0, 0, 0, 73, 0, 0, 0, 8, 81
"/home/denis/vscode_projects/project-game-atlas/packages/backend/src/app/modules/game/controllers/genres/genres-read-controller/genres-read.controller.ts", "TypeScript", 0, 0, 0, 27, 0, 0, 0, 4, 31
"/home/denis/vscode_projects/project-game-atlas/packages/backend/src/app/modules/game/controllers/keywords/keywords-read-controller/keywords-read.controller.ts", "TypeScript", 0, 0, 0, 39, 0, 0, 0, 4, 43
"/home/denis/vscode_projects/project-game-atlas/packages/backend/src/app/modules/game/dto/index.ts", "TypeScript", 0, 0, 0, 2, 0, 0, 0, 2, 4
"/home/denis/vscode_projects/project-game-atlas/packages/backend/src/app/modules/game/dto/request/company/company-create.dto.ts", "TypeScript", 0, 0, 0, 45, 0, 0, 0, 8, 53
"/home/denis/vscode_projects/project-game-atlas/packages/backend/src/app/modules/game/dto/request/company/company-update.dto.ts", "TypeScript", 0, 0, 0, 30, 0, 0, 0, 7, 37
"/home/denis/vscode_projects/project-game-atlas/packages/backend/src/app/modules/game/dto/request/company/index.ts", "TypeScript", 0, 0, 0, 2, 0, 0, 0, 2, 4
"/home/denis/vscode_projects/project-game-atlas/packages/backend/src/app/modules/game/dto/request/covers/cover-create.dto.ts", "TypeScript", 0, 0, 0, 53, 0, 0, 0, 7, 60
"/home/denis/vscode_projects/project-game-atlas/packages/backend/src/app/modules/game/dto/request/covers/cover-update.dto.ts", "TypeScript", 0, 0, 0, 36, 0, 0, 0, 6, 42
"/home/denis/vscode_projects/project-game-atlas/packages/backend/src/app/modules/game/dto/request/covers/index.ts", "TypeScript", 0, 0, 0, 2, 0, 0, 0, 2, 4
"/home/denis/vscode_projects/project-game-atlas/packages/backend/src/app/modules/game/dto/request/game-company/game-company-create.dto.ts", "TypeScript", 0, 0, 0, 46, 0, 0, 0, 9, 55
"/home/denis/vscode_projects/project-game-atlas/packages/backend/src/app/modules/game/dto/request/game-company/game-company-update.dto.ts", "TypeScript", 0, 0, 0, 28, 0, 0, 0, 8, 36
"/home/denis/vscode_projects/project-game-atlas/packages/backend/src/app/modules/game/dto/request/game-company/index.ts", "TypeScript", 0, 0, 0, 2, 0, 0, 0, 2, 4
"/home/denis/vscode_projects/project-game-atlas/packages/backend/src/app/modules/game/dto/request/game-genre/game-genre-create.dto.ts", "TypeScript", 0, 0, 0, 26, 0, 0, 0, 6, 32
"/home/denis/vscode_projects/project-game-atlas/packages/backend/src/app/modules/game/dto/request/game-genre/game-genre-update.dto.ts", "TypeScript", 0, 0, 0, 16, 0, 0, 0, 5, 21
"/home/denis/vscode_projects/project-game-atlas/packages/backend/src/app/modules/game/dto/request/game-genre/index.ts", "TypeScript", 0, 0, 0, 2, 0, 0, 0, 2, 4
"/home/denis/vscode_projects/project-game-atlas/packages/backend/src/app/modules/game/dto/request/game-keyword/game-keyword-create.dto.ts", "TypeScript", 0, 0, 0, 26, 0, 0, 0, 6, 32
"/home/denis/vscode_projects/project-game-atlas/packages/backend/src/app/modules/game/dto/request/game-keyword/game-keyword-update.dto.ts", "TypeScript", 0, 0, 0, 16, 0, 0, 0, 5, 21
"/home/denis/vscode_projects/project-game-atlas/packages/backend/src/app/modules/game/dto/request/game-keyword/index.ts", "TypeScript", 0, 0, 0, 2, 0, 0, 0, 2, 4
"/home/denis/vscode_projects/project-game-atlas/packages/backend/src/app/modules/game/dto/request/game-platform/game-platform-create.dto.ts", "TypeScript", 0, 0, 0, 8, 0, 0, 0, 1, 9
"/home/denis/vscode_projects/project-game-atlas/packages/backend/src/app/modules/game/dto/request/game-platform/game-platform-update.dto.ts", "TypeScript", 0, 0, 0, 15, 0, 0, 0, 3, 18
"/home/denis/vscode_projects/project-game-atlas/packages/backend/src/app/modules/game/dto/request/game/game-create.dto.ts", "TypeScript", 0, 0, 0, 70, 0, 0, 0, 11, 81
"/home/denis/vscode_projects/project-game-atlas/packages/backend/src/app/modules/game/dto/request/game/game-filters.dto.ts", "TypeScript", 0, 0, 0, 44, 0, 0, 0, 7, 51
"/home/denis/vscode_projects/project-game-atlas/packages/backend/src/app/modules/game/dto/request/game/game-paginate.dto.ts", "TypeScript", 0, 0, 0, 25, 0, 0, 0, 6, 31
"/home/denis/vscode_projects/project-game-atlas/packages/backend/src/app/modules/game/dto/request/game/game-update.dto.ts", "TypeScript", 0, 0, 0, 49, 0, 0, 0, 10, 59
"/home/denis/vscode_projects/project-game-atlas/packages/backend/src/app/modules/game/dto/request/game/index.ts", "TypeScript", 0, 0, 0, 2, 0, 0, 0, 2, 4
"/home/denis/vscode_projects/project-game-atlas/packages/backend/src/app/modules/game/dto/request/genres/genre-create.dto.ts", "TypeScript", 0, 0, 0, 26, 0, 0, 0, 6, 32
"/home/denis/vscode_projects/project-game-atlas/packages/backend/src/app/modules/game/dto/request/genres/genre-update.dto.ts", "TypeScript", 0, 0, 0, 16, 0, 0, 0, 5, 21
"/home/denis/vscode_projects/project-game-atlas/packages/backend/src/app/modules/game/dto/request/genres/index.ts", "TypeScript", 0, 0, 0, 2, 0, 0, 0, 2, 4
"/home/denis/vscode_projects/project-game-atlas/packages/backend/src/app/modules/game/dto/request/index.ts", "TypeScript", 0, 0, 0, 12, 0, 0, 0, 1, 13
"/home/denis/vscode_projects/project-game-atlas/packages/backend/src/app/modules/game/dto/request/keywords/index.ts", "TypeScript", 0, 0, 0, 2, 0, 0, 0, 2, 4
"/home/denis/vscode_projects/project-game-atlas/packages/backend/src/app/modules/game/dto/request/keywords/keyword-create.dto.ts", "TypeScript", 0, 0, 0, 37, 0, 0, 0, 7, 44
"/home/denis/vscode_projects/project-game-atlas/packages/backend/src/app/modules/game/dto/request/keywords/keyword-paginate.dto.ts", "TypeScript", 0, 0, 0, 24, 0, 0, 0, 5, 29
"/home/denis/vscode_projects/project-game-atlas/packages/backend/src/app/modules/game/dto/request/keywords/keyword-update.dto.ts", "TypeScript", 0, 0, 0, 20, 0, 0, 0, 6, 26
"/home/denis/vscode_projects/project-game-atlas/packages/backend/src/app/modules/game/dto/request/platform-type/index.ts", "TypeScript", 0, 0, 0, 2, 0, 0, 0, 2, 4
"/home/denis/vscode_projects/project-game-atlas/packages/backend/src/app/modules/game/dto/request/platform-type/platform-type-create.dto.ts", "TypeScript", 0, 0, 0, 20, 0, 0, 0, 5, 25
"/home/denis/vscode_projects/project-game-atlas/packages/backend/src/app/modules/game/dto/request/platform-type/platform-type-update.dto.ts", "TypeScript", 0, 0, 0, 12, 0, 0, 0, 4, 16
"/home/denis/vscode_projects/project-game-atlas/packages/backend/src/app/modules/game/dto/request/platform/index.ts", "TypeScript", 0, 0, 0, 2, 0, 0, 0, 2, 4
"/home/denis/vscode_projects/project-game-atlas/packages/backend/src/app/modules/game/dto/request/platform/platform-create.dto.ts", "TypeScript", 0, 0, 0, 44, 0, 0, 0, 9, 53
"/home/denis/vscode_projects/project-game-atlas/packages/backend/src/app/modules/game/dto/request/platform/platform-update.dto.ts", "TypeScript", 0, 0, 0, 28, 0, 0, 0, 8, 36
"/home/denis/vscode_projects/project-game-atlas/packages/backend/src/app/modules/game/dto/request/screenshots/index.ts", "TypeScript", 0, 0, 0, 2, 0, 0, 0, 2, 4
"/home/denis/vscode_projects/project-game-atlas/packages/backend/src/app/modules/game/dto/request/screenshots/screenshots-create.dto.ts", "TypeScript", 0, 0, 0, 53, 0, 0, 0, 9, 62
"/home/denis/vscode_projects/project-game-atlas/packages/backend/src/app/modules/game/dto/request/screenshots/screenshots-update.dto.ts", "TypeScript", 0, 0, 0, 36, 0, 0, 0, 8, 44
"/home/denis/vscode_projects/project-game-atlas/packages/backend/src/app/modules/game/dto/response/company/company.dto.ts", "TypeScript", 0, 0, 0, 35, 0, 0, 0, 10, 45
"/home/denis/vscode_projects/project-game-atlas/packages/backend/src/app/modules/game/dto/response/company/index.ts", "TypeScript", 0, 0, 0, 1, 0, 0, 0, 2, 3
"/home/denis/vscode_projects/project-game-atlas/packages/backend/src/app/modules/game/dto/response/covers/cover.dto.ts", "TypeScript", 0, 0, 0, 39, 0, 0, 0, 10, 49
"/home/denis/vscode_projects/project-game-atlas/packages/backend/src/app/modules/game/dto/response/covers/index.ts", "TypeScript", 0, 0, 0, 1, 0, 0, 0, 2, 3
"/home/denis/vscode_projects/project-game-atlas/packages/backend/src/app/modules/game/dto/response/game/game-details.dto.ts", "TypeScript", 0, 0, 0, 64, 0, 0, 0, 8, 72
"/home/denis/vscode_projects/project-game-atlas/packages/backend/src/app/modules/game/dto/response/game/game.dto.ts", "TypeScript", 0, 0, 0, 47, 0, 0, 0, 12, 59
"/home/denis/vscode_projects/project-game-atlas/packages/backend/src/app/modules/game/dto/response/game/index.ts", "TypeScript", 0, 0, 0, 2, 0, 0, 0, 1, 3
"/home/denis/vscode_projects/project-game-atlas/packages/backend/src/app/modules/game/dto/response/game/paginate-game.dto.ts", "TypeScript", 0, 0, 0, 33, 0, 0, 0, 4, 37
"/home/denis/vscode_projects/project-game-atlas/packages/backend/src/app/modules/game/dto/response/genres/genre.dto.ts", "TypeScript", 0, 0, 0, 27, 0, 0, 0, 8, 35
"/home/denis/vscode_projects/project-game-atlas/packages/backend/src/app/modules/game/dto/response/genres/index.ts", "TypeScript", 0, 0, 0, 1, 0, 0, 0, 2, 3
"/home/denis/vscode_projects/project-game-atlas/packages/backend/src/app/modules/game/dto/response/index.ts", "TypeScript", 0, 0, 0, 6, 0, 0, 0, 2, 8
"/home/denis/vscode_projects/project-game-atlas/packages/backend/src/app/modules/game/dto/response/keywords/index.ts", "TypeScript", 0, 0, 0, 1, 0, 0, 0, 2, 3
"/home/denis/vscode_projects/project-game-atlas/packages/backend/src/app/modules/game/dto/response/keywords/keyword.dto.ts", "TypeScript", 0, 0, 0, 31, 0, 0, 0, 9, 40
"/home/denis/vscode_projects/project-game-atlas/packages/backend/src/app/modules/game/dto/response/screenshots/index.ts", "TypeScript", 0, 0, 0, 1, 0, 0, 0, 2, 3
"/home/denis/vscode_projects/project-game-atlas/packages/backend/src/app/modules/game/dto/response/screenshots/screenshots.dto.ts", "TypeScript", 0, 0, 0, 39, 0, 0, 0, 11, 50
"/home/denis/vscode_projects/project-game-atlas/packages/backend/src/app/modules/game/game.module.ts", "TypeScript", 0, 0, 0, 78, 0, 0, 0, 2, 80
"/home/denis/vscode_projects/project-game-atlas/packages/backend/src/app/modules/game/providers/companies/companies.providers.ts", "TypeScript", 0, 0, 0, 19, 0, 0, 0, 3, 22
"/home/denis/vscode_projects/project-game-atlas/packages/backend/src/app/modules/game/providers/companies/game-company.providers.ts", "TypeScript", 0, 0, 0, 19, 0, 0, 0, 3, 22
"/home/denis/vscode_projects/project-game-atlas/packages/backend/src/app/modules/game/providers/companies/index.ts", "TypeScript", 0, 0, 0, 2, 0, 0, 0, 2, 4
"/home/denis/vscode_projects/project-game-atlas/packages/backend/src/app/modules/game/providers/covers/covers.providers.ts", "TypeScript", 0, 0, 0, 19, 0, 0, 0, 3, 22
"/home/denis/vscode_projects/project-game-atlas/packages/backend/src/app/modules/game/providers/covers/index.ts", "TypeScript", 0, 0, 0, 1, 0, 0, 0, 2, 3
"/home/denis/vscode_projects/project-game-atlas/packages/backend/src/app/modules/game/providers/games/games.providers.ts", "TypeScript", 0, 0, 0, 21, 0, 0, 0, 3, 24
"/home/denis/vscode_projects/project-game-atlas/packages/backend/src/app/modules/game/providers/games/index.ts", "TypeScript", 0, 0, 0, 1, 0, 0, 0, 2, 3
"/home/denis/vscode_projects/project-game-atlas/packages/backend/src/app/modules/game/providers/genres/game-genres.providers.ts", "TypeScript", 0, 0, 0, 19, 0, 0, 0, 3, 22
"/home/denis/vscode_projects/project-game-atlas/packages/backend/src/app/modules/game/providers/genres/genres.providers.ts", "TypeScript", 0, 0, 0, 19, 0, 0, 0, 3, 22
"/home/denis/vscode_projects/project-game-atlas/packages/backend/src/app/modules/game/providers/genres/index.ts", "TypeScript", 0, 0, 0, 2, 0, 0, 0, 0, 2
"/home/denis/vscode_projects/project-game-atlas/packages/backend/src/app/modules/game/providers/index.ts", "TypeScript", 0, 0, 0, 6, 0, 0, 0, 0, 6
"/home/denis/vscode_projects/project-game-atlas/packages/backend/src/app/modules/game/providers/keywords/game-keywords.providers.ts", "TypeScript", 0, 0, 0, 19, 0, 0, 0, 3, 22
"/home/denis/vscode_projects/project-game-atlas/packages/backend/src/app/modules/game/providers/keywords/index.ts", "TypeScript", 0, 0, 0, 2, 0, 0, 0, 2, 4
"/home/denis/vscode_projects/project-game-atlas/packages/backend/src/app/modules/game/providers/keywords/keywords.providers.ts", "TypeScript", 0, 0, 0, 21, 0, 0, 0, 3, 24
"/home/denis/vscode_projects/project-game-atlas/packages/backend/src/app/modules/game/providers/screenshots/index.ts", "TypeScript", 0, 0, 0, 1, 0, 0, 0, 2, 3
"/home/denis/vscode_projects/project-game-atlas/packages/backend/src/app/modules/game/providers/screenshots/screenshots.providers.ts", "TypeScript", 0, 0, 0, 19, 0, 0, 0, 3, 22
"/home/denis/vscode_projects/project-game-atlas/packages/backend/src/app/modules/game/repositories/companies/company/abstracts/icompany-read.repository.ts", "TypeScript", 0, 0, 0, 3, 0, 0, 0, 3, 6
"/home/denis/vscode_projects/project-game-atlas/packages/backend/src/app/modules/game/repositories/companies/company/abstracts/icompany-write.repository.ts", "TypeScript", 0, 0, 0, 5, 0, 0, 0, 3, 8
"/home/denis/vscode_projects/project-game-atlas/packages/backend/src/app/modules/game/repositories/companies/company/abstracts/index.ts", "TypeScript", 0, 0, 0, 2, 0, 0, 0, 2, 4
"/home/denis/vscode_projects/project-game-atlas/packages/backend/src/app/modules/game/repositories/companies/company/implementations/company-read.repository.ts", "TypeScript", 0, 0, 0, 15, 0, 0, 0, 4, 19
"/home/denis/vscode_projects/project-game-atlas/packages/backend/src/app/modules/game/repositories/companies/company/implementations/company-write.repository.ts", "TypeScript", 0, 0, 0, 36, 0, 0, 0, 7, 43
"/home/denis/vscode_projects/project-game-atlas/packages/backend/src/app/modules/game/repositories/companies/company/implementations/index.ts", "TypeScript", 0, 0, 0, 2, 0, 0, 0, 2, 4
"/home/denis/vscode_projects/project-game-atlas/packages/backend/src/app/modules/game/repositories/companies/game-company/abstracts/igame-company-read.repository.ts", "TypeScript", 0, 0, 0, 3, 0, 0, 0, 3, 6
"/home/denis/vscode_projects/project-game-atlas/packages/backend/src/app/modules/game/repositories/companies/game-company/abstracts/igame-company-write.repository.ts", "TypeScript", 0, 0, 0, 4, 0, 0, 0, 3, 7
"/home/denis/vscode_projects/project-game-atlas/packages/backend/src/app/modules/game/repositories/companies/game-company/abstracts/index.ts", "TypeScript", 0, 0, 0, 2, 0, 0, 0, 2, 4
"/home/denis/vscode_projects/project-game-atlas/packages/backend/src/app/modules/game/repositories/companies/game-company/implementations/game-company-read.repository.ts", "TypeScript", 0, 0, 0, 15, 0, 0, 0, 4, 19
"/home/denis/vscode_projects/project-game-atlas/packages/backend/src/app/modules/game/repositories/companies/game-company/implementations/game-company-write.repository.ts", "TypeScript", 0, 0, 0, 35, 0, 0, 0, 7, 42
"/home/denis/vscode_projects/project-game-atlas/packages/backend/src/app/modules/game/repositories/companies/game-company/implementations/index.ts", "TypeScript", 0, 0, 0, 2, 0, 0, 0, 2, 4
"/home/denis/vscode_projects/project-game-atlas/packages/backend/src/app/modules/game/repositories/covers/abstracts/icover-read.repository.ts", "TypeScript", 0, 0, 0, 3, 0, 0, 0, 1, 4
"/home/denis/vscode_projects/project-game-atlas/packages/backend/src/app/modules/game/repositories/covers/abstracts/icover-write.repository.ts", "TypeScript", 0, 0, 0, 5, 0, 0, 0, 1, 6
"/home/denis/vscode_projects/project-game-atlas/packages/backend/src/app/modules/game/repositories/covers/implementations/cover-read.repository.ts", "TypeScript", 0, 0, 0, 15, 0, 0, 0, 2, 17
"/home/denis/vscode_projects/project-game-atlas/packages/backend/src/app/modules/game/repositories/covers/implementations/cover-write.repository.ts", "TypeScript", 0, 0, 0, 35, 0, 0, 0, 5, 40
"/home/denis/vscode_projects/project-game-atlas/packages/backend/src/app/modules/game/repositories/games/abstracts/igame-read.repository.ts", "TypeScript", 0, 0, 0, 20, 0, 0, 0, 3, 23
"/home/denis/vscode_projects/project-game-atlas/packages/backend/src/app/modules/game/repositories/games/abstracts/igame-write.repository.ts", "TypeScript", 0, 0, 0, 5, 0, 0, 0, 3, 8
"/home/denis/vscode_projects/project-game-atlas/packages/backend/src/app/modules/game/repositories/games/implementations/game-read.repository.ts", "TypeScript", 0, 0, 0, 78, 0, 0, 0, 6, 84
"/home/denis/vscode_projects/project-game-atlas/packages/backend/src/app/modules/game/repositories/games/implementations/game-write.repository.ts", "TypeScript", 0, 0, 0, 36, 0, 0, 0, 7, 43
"/home/denis/vscode_projects/project-game-atlas/packages/backend/src/app/modules/game/repositories/genres/game-genres/abstracts/igame-genre-read.repository.ts", "TypeScript", 0, 0, 0, 3, 0, 0, 0, 3, 6
"/home/denis/vscode_projects/project-game-atlas/packages/backend/src/app/modules/game/repositories/genres/game-genres/abstracts/igame-genre-write.repository.ts", "TypeScript", 0, 0, 0, 5, 0, 0, 0, 3, 8
"/home/denis/vscode_projects/project-game-atlas/packages/backend/src/app/modules/game/repositories/genres/game-genres/abstracts/index.ts", "TypeScript", 0, 0, 0, 2, 0, 0, 0, 2, 4
"/home/denis/vscode_projects/project-game-atlas/packages/backend/src/app/modules/game/repositories/genres/game-genres/implementations/game-genre-read.repository.ts", "TypeScript", 0, 0, 0, 15, 0, 0, 0, 4, 19
"/home/denis/vscode_projects/project-game-atlas/packages/backend/src/app/modules/game/repositories/genres/game-genres/implementations/game-genre-write.repository.ts", "TypeScript", 0, 0, 0, 36, 0, 0, 0, 7, 43
"/home/denis/vscode_projects/project-game-atlas/packages/backend/src/app/modules/game/repositories/genres/game-genres/implementations/index.ts", "TypeScript", 0, 0, 0, 2, 0, 0, 0, 2, 4
"/home/denis/vscode_projects/project-game-atlas/packages/backend/src/app/modules/game/repositories/genres/genres/abstracts/igenre-read.repository.ts", "TypeScript", 0, 0, 0, 5, 0, 0, 0, 3, 8
"/home/denis/vscode_projects/project-game-atlas/packages/backend/src/app/modules/game/repositories/genres/genres/abstracts/igenre-write.repository.ts", "TypeScript", 0, 0, 0, 5, 0, 0, 0, 3, 8
"/home/denis/vscode_projects/project-game-atlas/packages/backend/src/app/modules/game/repositories/genres/genres/abstracts/index.ts", "TypeScript", 0, 0, 0, 2, 0, 0, 0, 2, 4
"/home/denis/vscode_projects/project-game-atlas/packages/backend/src/app/modules/game/repositories/genres/genres/implementations/genre-read.repository.ts", "TypeScript", 0, 0, 0, 26, 0, 0, 0, 5, 31
"/home/denis/vscode_projects/project-game-atlas/packages/backend/src/app/modules/game/repositories/genres/genres/implementations/genre-write.repository.ts", "TypeScript", 0, 0, 0, 35, 0, 0, 0, 7, 42
"/home/denis/vscode_projects/project-game-atlas/packages/backend/src/app/modules/game/repositories/genres/genres/implementations/index.ts", "TypeScript", 0, 0, 0, 2, 0, 0, 0, 2, 4
"/home/denis/vscode_projects/project-game-atlas/packages/backend/src/app/modules/game/repositories/keywords/game-keywords/abstracts/igame-keyword-read.repository.ts", "TypeScript", 0, 0, 0, 3, 0, 0, 0, 3, 6
"/home/denis/vscode_projects/project-game-atlas/packages/backend/src/app/modules/game/repositories/keywords/game-keywords/abstracts/igame-keyword-write.repository.ts", "TypeScript", 0, 0, 0, 4, 0, 0, 0, 3, 7
"/home/denis/vscode_projects/project-game-atlas/packages/backend/src/app/modules/game/repositories/keywords/game-keywords/abstracts/index.ts", "TypeScript", 0, 0, 0, 1, 0, 0, 0, 2, 3
"/home/denis/vscode_projects/project-game-atlas/packages/backend/src/app/modules/game/repositories/keywords/game-keywords/implementations/game-keyword-read.repository.ts", "TypeScript", 0, 0, 0, 14, 0, 0, 0, 4, 18
"/home/denis/vscode_projects/project-game-atlas/packages/backend/src/app/modules/game/repositories/keywords/game-keywords/implementations/game-keyword-write.repository.ts", "TypeScript", 0, 0, 0, 35, 0, 0, 0, 7, 42
"/home/denis/vscode_projects/project-game-atlas/packages/backend/src/app/modules/game/repositories/keywords/game-keywords/implementations/index.ts", "TypeScript", 0, 0, 0, 1, 0, 0, 0, 2, 3
"/home/denis/vscode_projects/project-game-atlas/packages/backend/src/app/modules/game/repositories/keywords/keywords/abstracts/ikeyword-read.repository.ts", "TypeScript", 0, 0, 0, 10, 0, 0, 0, 3, 13
"/home/denis/vscode_projects/project-game-atlas/packages/backend/src/app/modules/game/repositories/keywords/keywords/abstracts/ikeyword-write.repository.ts", "TypeScript", 0, 0, 0, 4, 0, 0, 0, 3, 7
"/home/denis/vscode_projects/project-game-atlas/packages/backend/src/app/modules/game/repositories/keywords/keywords/abstracts/index.ts", "TypeScript", 0, 0, 0, 2, 0, 0, 0, 2, 4
"/home/denis/vscode_projects/project-game-atlas/packages/backend/src/app/modules/game/repositories/keywords/keywords/implementations/index.ts", "TypeScript", 0, 0, 0, 2, 0, 0, 0, 2, 4
"/home/denis/vscode_projects/project-game-atlas/packages/backend/src/app/modules/game/repositories/keywords/keywords/implementations/keyword-read.repository.ts", "TypeScript", 0, 0, 0, 39, 0, 0, 0, 7, 46
"/home/denis/vscode_projects/project-game-atlas/packages/backend/src/app/modules/game/repositories/keywords/keywords/implementations/keyword-write.repository.ts", "TypeScript", 0, 0, 0, 35, 0, 0, 0, 7, 42
"/home/denis/vscode_projects/project-game-atlas/packages/backend/src/app/modules/game/repositories/screenshots/abstracts/iscreenshots-read.repository.ts", "TypeScript", 0, 0, 0, 3, 0, 0, 0, 3, 6
"/home/denis/vscode_projects/project-game-atlas/packages/backend/src/app/modules/game/repositories/screenshots/abstracts/iscreenshots-write.repository.ts", "TypeScript", 0, 0, 0, 5, 0, 0, 0, 3, 8
"/home/denis/vscode_projects/project-game-atlas/packages/backend/src/app/modules/game/repositories/screenshots/implementations/screenshots-read.repository.ts", "TypeScript", 0, 0, 0, 15, 0, 0, 0, 4, 19
"/home/denis/vscode_projects/project-game-atlas/packages/backend/src/app/modules/game/repositories/screenshots/implementations/screenshots-write.repository.ts", "TypeScript", 0, 0, 0, 36, 0, 0, 0, 7, 43
"/home/denis/vscode_projects/project-game-atlas/packages/backend/src/app/modules/game/services/companies/company/company-read-service/company-read.service.ts", "TypeScript", 0, 0, 0, 12, 0, 0, 0, 4, 16
"/home/denis/vscode_projects/project-game-atlas/packages/backend/src/app/modules/game/services/companies/company/company-write-service/company-write.service.ts", "TypeScript", 0, 0, 0, 41, 0, 0, 0, 15, 56
"/home/denis/vscode_projects/project-game-atlas/packages/backend/src/app/modules/game/services/companies/game-company/game-company-read-service/game-company-read.service.ts", "TypeScript", 0, 0, 0, 12, 0, 0, 0, 4, 16
"/home/denis/vscode_projects/project-game-atlas/packages/backend/src/app/modules/game/services/companies/game-company/game-company-write-service/game-company-write.service.ts", "TypeScript", 0, 0, 0, 41, 0, 0, 0, 15, 56
"/home/denis/vscode_projects/project-game-atlas/packages/backend/src/app/modules/game/services/covers/covers-read-service/covers-read.service.ts", "TypeScript", 0, 0, 0, 12, 0, 0, 0, 4, 16
"/home/denis/vscode_projects/project-game-atlas/packages/backend/src/app/modules/game/services/covers/covers-write-service/covers-write.service.ts", "TypeScript", 0, 0, 0, 41, 0, 0, 0, 15, 56
"/home/denis/vscode_projects/project-game-atlas/packages/backend/src/app/modules/game/services/games/game-map-service/game-map.service.ts", "TypeScript", 0, 0, 0, 112, 0, 0, 0, 9, 121
"/home/denis/vscode_projects/project-game-atlas/packages/backend/src/app/modules/game/services/games/game-read-service/game-read.service.ts", "TypeScript", 0, 0, 0, 81, 0, 0, 0, 19, 100
"/home/denis/vscode_projects/project-game-atlas/packages/backend/src/app/modules/game/services/games/game-write-service/game-write.service.ts", "TypeScript", 0, 0, 0, 35, 0, 0, 0, 13, 48
"/home/denis/vscode_projects/project-game-atlas/packages/backend/src/app/modules/game/services/genres/game-genres/game-genres-read-service/game-genres-read.service.ts", "TypeScript", 0, 0, 0, 12, 0, 0, 0, 4, 16
"/home/denis/vscode_projects/project-game-atlas/packages/backend/src/app/modules/game/services/genres/game-genres/game-genres-write-service/game-genres-write.service.ts", "TypeScript", 0, 0, 0, 41, 0, 0, 0, 15, 56
"/home/denis/vscode_projects/project-game-atlas/packages/backend/src/app/modules/game/services/genres/genres/genres-read-service/genre-read.service.ts", "TypeScript", 0, 0, 0, 16, 0, 0, 0, 5, 21
"/home/denis/vscode_projects/project-game-atlas/packages/backend/src/app/modules/game/services/genres/genres/genres-write-service/genre-write.service.ts", "TypeScript", 0, 0, 0, 41, 0, 0, 0, 15, 56
"/home/denis/vscode_projects/project-game-atlas/packages/backend/src/app/modules/game/services/keywords/game-keywords/game-keywords-read-service/game-keywords-read.service.ts", "TypeScript", 0, 0, 0, 12, 0, 0, 0, 2, 14
"/home/denis/vscode_projects/project-game-atlas/packages/backend/src/app/modules/game/services/keywords/game-keywords/game-keywords-write-service/game-keywords-write.service.ts", "TypeScript", 0, 0, 0, 40, 0, 0, 0, 15, 55
"/home/denis/vscode_projects/project-game-atlas/packages/backend/src/app/modules/game/services/keywords/keywords/keywords-map-service/keywords-map.service.ts", "TypeScript", 0, 0, 0, 16, 0, 0, 0, 2, 18
"/home/denis/vscode_projects/project-game-atlas/packages/backend/src/app/modules/game/services/keywords/keywords/keywords-read-service/keywords-read.service.ts", "TypeScript", 0, 0, 0, 42, 0, 0, 0, 10, 52
"/home/denis/vscode_projects/project-game-atlas/packages/backend/src/app/modules/game/services/keywords/keywords/keywords-write-service/keywords-write.service.ts", "TypeScript", 0, 0, 0, 40, 0, 0, 0, 15, 55
"/home/denis/vscode_projects/project-game-atlas/packages/backend/src/app/modules/game/services/screenshots/screenshots-read-service/screenshots-read.service.ts", "TypeScript", 0, 0, 0, 12, 0, 0, 0, 4, 16
"/home/denis/vscode_projects/project-game-atlas/packages/backend/src/app/modules/game/services/screenshots/screenshots-write-service/screenshots-write.service.ts", "TypeScript", 0, 0, 0, 41, 0, 0, 0, 15, 56
"/home/denis/vscode_projects/project-game-atlas/packages/backend/src/app/modules/game/types/game/game.types.ts", "TypeScript", 0, 0, 0, 33, 0, 0, 0, 4, 37
"/home/denis/vscode_projects/project-game-atlas/packages/backend/src/app/modules/game/utils/game-where-builder.util.ts", "TypeScript", 0, 0, 0, 69, 0, 0, 0, 10, 79
"/home/denis/vscode_projects/project-game-atlas/packages/backend/src/app/modules/game/utils/index.ts", "TypeScript", 0, 0, 0, 1, 0, 0, 0, 2, 3
"/home/denis/vscode_projects/project-game-atlas/packages/backend/src/app/modules/game/utils/keyword-where-builder.util.ts", "TypeScript", 0, 0, 0, 26, 0, 0, 0, 5, 31
"/home/denis/vscode_projects/project-game-atlas/packages/backend/src/app/modules/personal-library/controllers/personal-library-game/personal-library-game-read-controller/personal-library-game-read.controller.ts", "TypeScript", 0, 0, 0, 51, 0, 0, 0, 5, 56
"/home/denis/vscode_projects/project-game-atlas/packages/backend/src/app/modules/personal-library/controllers/personal-library-game/personal-library-game-write-controller/personal-library-game-write.controller.ts", "TypeScript", 0, 0, 0, 61, 0, 0, 0, 10, 71
"/home/denis/vscode_projects/project-game-atlas/packages/backend/src/app/modules/personal-library/controllers/personal-library/personal-library-read-controller/personal-library-read.controller.ts", "TypeScript", 0, 0, 0, 12, 0, 0, 0, 4, 16
"/home/denis/vscode_projects/project-game-atlas/packages/backend/src/app/modules/personal-library/controllers/personal-library/personal-library-write-controller/personal-library-write.controller.ts", "TypeScript", 0, 0, 0, 43, 0, 0, 0, 9, 52
"/home/denis/vscode_projects/project-game-atlas/packages/backend/src/app/modules/personal-library/dto/index.ts", "TypeScript", 0, 0, 0, 2, 0, 0, 0, 2, 4
"/home/denis/vscode_projects/project-game-atlas/packages/backend/src/app/modules/personal-library/dto/request/index.ts", "TypeScript", 0, 0, 0, 1, 0, 0, 0, 0, 1
"/home/denis/vscode_projects/project-game-atlas/packages/backend/src/app/modules/personal-library/dto/request/personal-library-game/index.ts", "TypeScript", 0, 0, 0, 2, 0, 0, 0, 0, 2
"/home/denis/vscode_projects/project-game-atlas/packages/backend/src/app/modules/personal-library/dto/request/personal-library-game/personal-library-game-create.dto.ts", "TypeScript", 0, 0, 0, 31, 0, 0, 0, 8, 39
"/home/denis/vscode_projects/project-game-atlas/packages/backend/src/app/modules/personal-library/dto/request/personal-library-game/personal-library-game-filters.dto.ts", "TypeScript", 0, 0, 0, 65, 0, 0, 0, 11, 76
"/home/denis/vscode_projects/project-game-atlas/packages/backend/src/app/modules/personal-library/dto/request/personal-library-game/personal-library-game-paginate.dto.ts", "TypeScript", 0, 0, 0, 25, 0, 0, 0, 6, 31
"/home/denis/vscode_projects/project-game-atlas/packages/backend/src/app/modules/personal-library/dto/request/personal-library-game/personal-library-game-update.dto.ts", "TypeScript", 0, 0, 0, 25, 0, 0, 0, 7, 32
"/home/denis/vscode_projects/project-game-atlas/packages/backend/src/app/modules/personal-library/dto/response/index.ts", "TypeScript", 0, 0, 0, 2, 0, 0, 0, 2, 4
"/home/denis/vscode_projects/project-game-atlas/packages/backend/src/app/modules/personal-library/dto/response/personal-library-game/index.ts", "TypeScript", 0, 0, 0, 3, 0, 0, 0, 1, 4
"/home/denis/vscode_projects/project-game-atlas/packages/backend/src/app/modules/personal-library/dto/response/personal-library-game/paginate-personal-library-game.dto.ts", "TypeScript", 0, 0, 0, 26, 0, 0, 0, 2, 28
"/home/denis/vscode_projects/project-game-atlas/packages/backend/src/app/modules/personal-library/dto/response/personal-library-game/personal-library-game-details.dto.ts", "TypeScript", 0, 0, 0, 26, 0, 0, 0, 2, 28
"/home/denis/vscode_projects/project-game-atlas/packages/backend/src/app/modules/personal-library/dto/response/personal-library-game/personal-library-game.dto.ts", "TypeScript", 0, 0, 0, 42, 0, 0, 0, 10, 52
"/home/denis/vscode_projects/project-game-atlas/packages/backend/src/app/modules/personal-library/dto/response/personal-library/index.ts", "TypeScript", 0, 0, 0, 1, 0, 0, 0, 2, 3
"/home/denis/vscode_projects/project-game-atlas/packages/backend/src/app/modules/personal-library/dto/response/personal-library/personal-library.dto.ts", "TypeScript", 0, 0, 0, 23, 0, 0, 0, 7, 30
"/home/denis/vscode_projects/project-game-atlas/packages/backend/src/app/modules/personal-library/personal-library.module.ts", "TypeScript", 0, 0, 0, 41, 0, 0, 0, 3, 44
"/home/denis/vscode_projects/project-game-atlas/packages/backend/src/app/modules/personal-library/providers/index.ts", "TypeScript", 0, 0, 0, 2, 0, 0, 0, 0, 2
"/home/denis/vscode_projects/project-game-atlas/packages/backend/src/app/modules/personal-library/providers/personal-library-game/index.ts", "TypeScript", 0, 0, 0, 1, 0, 0, 0, 2, 3
"/home/denis/vscode_projects/project-game-atlas/packages/backend/src/app/modules/personal-library/providers/personal-library-game/personal-library-game.providers.ts", "TypeScript", 0, 0, 0, 17, 0, 0, 0, 3, 20
"/home/denis/vscode_projects/project-game-atlas/packages/backend/src/app/modules/personal-library/providers/personal-library/index.ts", "TypeScript", 0, 0, 0, 1, 0, 0, 0, 2, 3
"/home/denis/vscode_projects/project-game-atlas/packages/backend/src/app/modules/personal-library/providers/personal-library/personal-library.providers.ts", "TypeScript", 0, 0, 0, 15, 0, 0, 0, 3, 18
"/home/denis/vscode_projects/project-game-atlas/packages/backend/src/app/modules/personal-library/repositories/personal-library-game/abstracts/ipersonal-library-game-read.repository.ts", "TypeScript", 0, 0, 0, 20, 0, 0, 0, 3, 23
"/home/denis/vscode_projects/project-game-atlas/packages/backend/src/app/modules/personal-library/repositories/personal-library-game/abstracts/ipersonal-library-game-write.repository.ts", "TypeScript", 0, 0, 0, 4, 0, 0, 0, 1, 5
"/home/denis/vscode_projects/project-game-atlas/packages/backend/src/app/modules/personal-library/repositories/personal-library-game/implementations/personal-library-game-read.repository.ts", "TypeScript", 0, 0, 0, 154, 0, 0, 0, 11, 165
"/home/denis/vscode_projects/project-game-atlas/packages/backend/src/app/modules/personal-library/repositories/personal-library-game/implementations/personal-library-game-write.repository.ts", "TypeScript", 0, 0, 0, 62, 0, 0, 0, 10, 72
"/home/denis/vscode_projects/project-game-atlas/packages/backend/src/app/modules/personal-library/repositories/personal-library/abstracts/ipersonal-library-read.repository.ts", "TypeScript", 0, 0, 0, 5, 0, 0, 0, 3, 8
"/home/denis/vscode_projects/project-game-atlas/packages/backend/src/app/modules/personal-library/repositories/personal-library/abstracts/ipersonal-library-write.repository.ts", "TypeScript", 0, 0, 0, 4, 0, 0, 0, 1, 5
"/home/denis/vscode_projects/project-game-atlas/packages/backend/src/app/modules/personal-library/repositories/personal-library/implementations/personal-library-read.repository.ts", "TypeScript", 0, 0, 0, 22, 0, 0, 0, 5, 27
"/home/denis/vscode_projects/project-game-atlas/packages/backend/src/app/modules/personal-library/repositories/personal-library/implementations/personal-library-write.repository.ts", "TypeScript", 0, 0, 0, 35, 0, 0, 0, 7, 42
"/home/denis/vscode_projects/project-game-atlas/packages/backend/src/app/modules/personal-library/services/personal-library-game/personal-library-game-map-service/personal-library-game-map.service.ts", "TypeScript", 0, 0, 0, 41, 0, 0, 0, 6, 47
"/home/denis/vscode_projects/project-game-atlas/packages/backend/src/app/modules/personal-library/services/personal-library-game/personal-library-game-read-service/personal-library-game-read.service.ts", "TypeScript", 0, 0, 0, 63, 0, 0, 0, 17, 80
"/home/denis/vscode_projects/project-game-atlas/packages/backend/src/app/modules/personal-library/services/personal-library-game/personal-library-game-write-service/personal-library-game-write.service.ts", "TypeScript", 0, 0, 0, 103, 0, 0, 0, 25, 128
"/home/denis/vscode_projects/project-game-atlas/packages/backend/src/app/modules/personal-library/services/personal-library/personal-library-read-service/personal-library-read.service.ts", "TypeScript", 0, 0, 0, 15, 0, 0, 0, 5, 20
"/home/denis/vscode_projects/project-game-atlas/packages/backend/src/app/modules/personal-library/services/personal-library/personal-library-write-service/personal-library-write.service.ts", "TypeScript", 0, 0, 0, 41, 0, 0, 0, 16, 57
"/home/denis/vscode_projects/project-game-atlas/packages/backend/src/app/modules/personal-library/types/personal-library-game/personal-library-game-with-details.type.ts", "TypeScript", 0, 0, 0, 41, 0, 0, 0, 3, 44
"/home/denis/vscode_projects/project-game-atlas/packages/backend/src/app/modules/personal-library/utils/index.ts", "TypeScript", 0, 0, 0, 1, 0, 0, 0, 0, 1
"/home/denis/vscode_projects/project-game-atlas/packages/backend/src/app/modules/personal-library/utils/personal-library-game-where-builder.util.ts", "TypeScript", 0, 0, 0, 98, 0, 0, 0, 14, 112
"/home/denis/vscode_projects/project-game-atlas/packages/backend/src/app/modules/prisma/prisma.module.ts", "TypeScript", 0, 0, 0, 7, 0, 0, 0, 2, 9
"/home/denis/vscode_projects/project-game-atlas/packages/backend/src/app/modules/prisma/prisma.service.ts", "TypeScript", 0, 0, 0, 8, 0, 0, 0, 1, 9
"/home/denis/vscode_projects/project-game-atlas/packages/backend/src/app/modules/seeding/commands/companies/seed-companies.command.ts", "TypeScript", 0, 0, 0, 16, 0, 0, 0, 4, 20
"/home/denis/vscode_projects/project-game-atlas/packages/backend/src/app/modules/seeding/commands/companies/seed-game-companies.command.ts", "TypeScript", 0, 0, 0, 18, 0, 0, 0, 5, 23
"/home/denis/vscode_projects/project-game-atlas/packages/backend/src/app/modules/seeding/commands/covers/seed-covers.command.ts", "TypeScript", 0, 0, 0, 18, 0, 0, 0, 5, 23
"/home/denis/vscode_projects/project-game-atlas/packages/backend/src/app/modules/seeding/commands/games/seed-games.command.ts", "TypeScript", 0, 0, 0, 19, 0, 0, 0, 5, 24
"/home/denis/vscode_projects/project-game-atlas/packages/backend/src/app/modules/seeding/commands/genres/seed-genres.command.ts", "TypeScript", 0, 0, 0, 16, 0, 0, 0, 5, 21
"/home/denis/vscode_projects/project-game-atlas/packages/backend/src/app/modules/seeding/commands/keywords/seed-keywords.command.ts", "TypeScript", 0, 0, 0, 16, 0, 0, 0, 5, 21
"/home/denis/vscode_projects/project-game-atlas/packages/backend/src/app/modules/seeding/commands/screenshots/seed-screenshots.command.ts", "TypeScript", 0, 0, 0, 18, 0, 0, 0, 5, 23
"/home/denis/vscode_projects/project-game-atlas/packages/backend/src/app/modules/seeding/const/seeding-logger.const.ts", "TypeScript", 0, 0, 0, 4, 0, 0, 0, 0, 4
"/home/denis/vscode_projects/project-game-atlas/packages/backend/src/app/modules/seeding/seeders/companies/companies.seeder.ts", "TypeScript", 0, 0, 0, 87, 0, 0, 0, 20, 107
"/home/denis/vscode_projects/project-game-atlas/packages/backend/src/app/modules/seeding/seeders/companies/game-companies.seeder.ts", "TypeScript", 0, 0, 0, 130, 0, 0, 0, 29, 159
"/home/denis/vscode_projects/project-game-atlas/packages/backend/src/app/modules/seeding/seeders/companies/types/igdb-involved-company.interface.ts", "TypeScript", 0, 0, 0, 8, 0, 0, 0, 2, 10
"/home/denis/vscode_projects/project-game-atlas/packages/backend/src/app/modules/seeding/seeders/covers/covers.seeder.ts", "TypeScript", 0, 0, 0, 120, 0, 0, 0, 26, 146
"/home/denis/vscode_projects/project-game-atlas/packages/backend/src/app/modules/seeding/seeders/games/games.seeder.ts", "TypeScript", 0, 0, 0, 134, 0, 0, 0, 29, 163
"/home/denis/vscode_projects/project-game-atlas/packages/backend/src/app/modules/seeding/seeders/games/types/igdb-game.interface.ts", "TypeScript", 0, 0, 0, 13, 0, 0, 0, 2, 15
"/home/denis/vscode_projects/project-game-atlas/packages/backend/src/app/modules/seeding/seeders/genres/game-genres.seeder.ts", "TypeScript", 0, 0, 0, 60, 0, 0, 0, 10, 70
"/home/denis/vscode_projects/project-game-atlas/packages/backend/src/app/modules/seeding/seeders/genres/genres.seeder.ts", "TypeScript", 0, 0, 0, 87, 0, 0, 0, 21, 108
"/home/denis/vscode_projects/project-game-atlas/packages/backend/src/app/modules/seeding/seeders/keywords/game-keywords.seeder.ts", "TypeScript", 0, 0, 0, 60, 0, 0, 0, 12, 72
"/home/denis/vscode_projects/project-game-atlas/packages/backend/src/app/modules/seeding/seeders/keywords/keywords.seeder.ts", "TypeScript", 0, 0, 0, 92, 0, 0, 0, 21, 113
"/home/denis/vscode_projects/project-game-atlas/packages/backend/src/app/modules/seeding/seeders/screenshots/screenshots.seeder.ts", "TypeScript", 0, 0, 0, 120, 0, 0, 0, 26, 146
"/home/denis/vscode_projects/project-game-atlas/packages/backend/src/app/modules/seeding/seeding.module.ts", "TypeScript", 0, 0, 0, 41, 0, 0, 0, 2, 43
"/home/denis/vscode_projects/project-game-atlas/packages/backend/src/app/modules/seeding/services/seeding-prisma.service.ts", "TypeScript", 0, 0, 0, 12, 0, 0, 0, 2, 14
"/home/denis/vscode_projects/project-game-atlas/packages/backend/src/app/modules/smtp/services/smtp-auth-service/smtp-auth.service.ts", "TypeScript", 0, 0, 0, 19, 0, 0, 0, 5, 24
"/home/denis/vscode_projects/project-game-atlas/packages/backend/src/app/modules/smtp/services/smtp-code-service/smtp-core.service.ts", "TypeScript", 0, 0, 0, 34, 0, 0, 0, 7, 41
"/home/denis/vscode_projects/project-game-atlas/packages/backend/src/app/modules/smtp/smtp.module.ts", "TypeScript", 0, 0, 0, 18, 0, 0, 0, 3, 21
"/home/denis/vscode_projects/project-game-atlas/packages/backend/src/app/modules/smtp/templates/forgot-password.template.ts", "TypeScript", 0, 0, 0, 41, 0, 0, 0, 9, 50
"/home/denis/vscode_projects/project-game-atlas/packages/backend/src/app/shared/decorators/get-user.decorator.ts", "TypeScript", 0, 0, 0, 8, 0, 0, 0, 3, 11
"/home/denis/vscode_projects/project-game-atlas/packages/backend/src/app/shared/decorators/pagination/search-params.decorator.ts", "TypeScript", 0, 0, 0, 38, 0, 0, 0, 8, 46
"/home/denis/vscode_projects/project-game-atlas/packages/backend/src/app/shared/decorators/pagination/sort-params.decorator.ts", "TypeScript", 0, 0, 0, 38, 0, 0, 0, 13, 51
"/home/denis/vscode_projects/project-game-atlas/packages/backend/src/app/shared/decorators/public.decorator.ts", "TypeScript", 0, 0, 0, 6, 0, 0, 0, 2, 8
"/home/denis/vscode_projects/project-game-atlas/packages/backend/src/app/shared/dto/request/pagination/paginate-meta.dto.ts", "TypeScript", 0, 0, 0, 16, 0, 0, 0, 7, 23
"/home/denis/vscode_projects/project-game-atlas/packages/backend/src/app/shared/dto/request/pagination/paginate.dto.ts", "TypeScript", 0, 0, 0, 11, 0, 0, 0, 2, 13
"/home/denis/vscode_projects/project-game-atlas/packages/backend/src/app/shared/dto/response/api-response.dto.ts", "TypeScript", 0, 0, 0, 25, 0, 0, 0, 1, 26
"/home/denis/vscode_projects/project-game-atlas/packages/backend/src/app/shared/dto/response/pagination/base-paginate.dto.ts", "TypeScript", 0, 0, 0, 40, 0, 0, 0, 5, 45
"/home/denis/vscode_projects/project-game-atlas/packages/backend/src/app/shared/dto/response/pagination/sort-order.dto.ts", "TypeScript", 0, 0, 0, 15, 0, 0, 0, 3, 18
"/home/denis/vscode_projects/project-game-atlas/packages/backend/src/app/shared/enums/sort-order.enum.ts", "TypeScript", 0, 0, 0, 4, 0, 0, 0, 0, 4
"/home/denis/vscode_projects/project-game-atlas/packages/backend/src/app/shared/filters/http-exception.filter.ts", "TypeScript", 0, 0, 0, 79, 0, 0, 0, 12, 91
"/home/denis/vscode_projects/project-game-atlas/packages/backend/src/app/shared/repositories/iread.repository.ts", "TypeScript", 0, 0, 0, 3, 0, 0, 0, 0, 3
"/home/denis/vscode_projects/project-game-atlas/packages/backend/src/app/shared/repositories/iwrite.repository.ts", "TypeScript", 0, 0, 0, 6, 0, 0, 0, 0, 6
"/home/denis/vscode_projects/project-game-atlas/packages/backend/src/main.ts", "TypeScript", 0, 0, 0, 44, 0, 0, 0, 10, 54
"/home/denis/vscode_projects/project-game-atlas/packages/backend/tsconfig.app.json", "JSON", 22, 0, 0, 0, 0, 0, 0, 1, 23
"/home/denis/vscode_projects/project-game-atlas/packages/backend/tsconfig.json", "JSON with Comments", 0, 10, 0, 0, 0, 0, 0, 1, 11
"/home/denis/vscode_projects/project-game-atlas/packages/backend/tsconfig.tsbuildinfo", "JSON", 1, 0, 0, 0, 0, 0, 0, 0, 1
"/home/denis/vscode_projects/project-game-atlas/packages/backend/webpack.config.js", "JavaScript", 0, 0, 22, 0, 0, 0, 0, 2, 24
"Total", "-", 243, 10, 7510, 7211, 184, 268, 423, 2767, 18616